{"title":"Adaptive States","description":"This is a page dedicated to showcase adaptive states. Adaptive states can be defined within any scope of the DOM to modify style of supported elements for different environment factors like touch input.","specs":[{"title":"Touch Input Height","originalValue":"calc(var(--input-height) + 1rem)","value":"calc(var(--input-height) + 1rem)"}],"body":"<h2 id=\"touch-adaptive-state\">Touch Adaptive State</h2>\n<p>Use the class <code>adaptive--touch</code> to trigger the “touch” adaptive state to the inner elements that support it. The “touch” adaptive state primarily increases the size of touch points like fields and buttons to make it easier to tap these elements when using a device with touch input like a phone or tablet.</p>\n<h3 id=\"forms-and-form-controls\">Forms and Form Controls</h3>\n<p>The <span class=\"example-padding\">dashed outline around the check box and radio controls</span> simply shows the increased touch target area around the control for better accessibility.</p>\n<pre><code class=\"lang-html\">&lt;div class=&quot;adaptive--touch&quot;&gt;\n    &lt;!-- This input and checkbox will have a larger touch point since it&#39;s in an adaptive parent --&gt;\n    &lt;input type=&quot;text&quot; class=&quot;form-control&quot; placeholder=&quot;Text&quot; aria-label=&quot;Adaptive text input example&quot;&gt;\n    &lt;div class=&quot;form-checkbox&quot;&gt;\n        &lt;input type=&quot;checkbox&quot; id=&quot;exampleCheckbox1&quot; value=&quot;&quot; aria-label=&quot;Adaptive checkbox example&quot;/&gt;\n        &lt;label for=&quot;exampleCheckbox1&quot;&gt;\n            Checkbox\n        &lt;/label&gt;\n    &lt;/div&gt;\n&lt;/div&gt;\n</code></pre>\n<p>The elements <code>input</code>, <code>select</code>, <code>radio</code>, and <code>checkbox</code> all support the touch adaptive state.</p>\n<pre><code>&lt;div class=&quot;adaptive--touch&quot;&gt;\n    &lt;form&gt;\n        &lt;div class=&quot;form-group&quot;&gt;\n            &lt;label for=&quot;adaptive-textarea&quot;&gt;Adaptive Text area&lt;/label&gt;\n            &lt;textarea class=&quot;form-control&quot; id=&quot;adaptive-textarea&quot; placeholder=&quot;Placeholder&quot; rows=&quot;3&quot;&gt;&lt;/textarea&gt;\n        &lt;/div&gt;\n        &lt;fieldset class=&quot;form-group&quot;&gt;\n            &lt;legend&gt;Example adaptive radio buttons&lt;/legend&gt;\n            &lt;div class=&quot;form-radio&quot;&gt;\n                &lt;input type=&quot;radio&quot; name=&quot;optionsRadios&quot; id=&quot;optionsRadios1&quot; value=&quot;option1&quot; checked&gt;\n                &lt;label for=&quot;optionsRadios1&quot; class=&quot;example-padding&quot;&gt;\n                    Option one is this and that&amp;mdash;be sure to include why it&#39;s great\n                &lt;/label&gt;\n            &lt;/div&gt;\n            &lt;div class=&quot;form-radio&quot;&gt;\n                &lt;input type=&quot;radio&quot; name=&quot;optionsRadios&quot; id=&quot;optionsRadios2&quot; value=&quot;option2&quot;&gt;\n                &lt;label for=&quot;optionsRadios2&quot; class=&quot;example-padding&quot;&gt;\n                    Option two can be something else and selecting it will deselect option one\n                &lt;/label&gt;\n            &lt;/div&gt;\n        &lt;/fieldset&gt;\n        &lt;div class=&quot;form-group&quot;&gt;\n          &lt;label for=&quot;select-normal-1&quot;&gt;Label&lt;/label&gt;\n              &lt;select id=&quot;select-normal-1&quot; class=&quot;form-control&quot;&gt;\n                &lt;option selected&gt;Option 1&lt;/option&gt;\n                &lt;option&gt;Option 2&lt;/option&gt;\n                &lt;option&gt;Option 3&lt;/option&gt;\n            &lt;/select&gt;\n            &lt;div class=&quot;info-block&quot;&gt;Some info text&lt;/div&gt;\n        &lt;/div&gt;\n        &lt;input type=&quot;submit&quot; class=&quot;btn btn--primary btn--block&quot; onclick=&quot;return false;&quot; value=&quot;save&quot;&gt;\n    &lt;/form&gt;\n&lt;/div&gt;\n</code></pre>","updatedAt":"2017-09-19T21:48:15.000Z"}