{"title":"Home","description":"SoHo unifies the CloudSuite experience by standardizing the universal design elements like colors, text, and buttons. Infor-UX is a simple CSS library to help implement SoHo design principles with easy-to-follow and easy-to-implement rules and code.","specs":[],"body":"<style>#TOC {display: none;}</style>\n\n<h2 id=\"getting-started\">Getting Started</h2>\n<p><del><a href=\"#\">Download Infor-UX CSS</a></del> Grab the Infor-UX stylesheet from <code>/dist</code> and include your desired file in the <code>&lt;head&gt;</code> of your application. The <code>.min.css</code> version should be used in production due to its smaller file size but the <code>.css</code> version might be better in development for any necessary debugging.</p>\n<h2 id=\"faq\">FAQ</h2>\n<p><strong>How Infor-UX Is Different than SoHo Components?</strong></p>\n<p>Infor-UX is the basic identity of the SoHo user experience. By having standard colors, text, and basic elements like form fields and buttons, each Infor application can share an identity. Infor-UX is style-only, powered by CSS and using a very generic architecture so that it’s easy for any Infor application to use. The SoHo Components add functionality to the basics of SoHo making it easier for you to bring the SoHo user experience to life. With built-in responsive features, complex UX patterns like Data Grid and Step Pattern, and a large library of different components for many use cases, the SoHo components can help you build out the SoHo experience.</p>\n<p>Infor-UX is lightweight implementation of SoHo’s basic design principles while the SoHo Components are a more feature-rich toolkit of common patterns which you can “drop in” to your Infor application.</p>\n","updatedAt":"2017-09-19T22:10:38.000Z"}