{"title":"Form Controls","description":"Some text about using form-controls.","specs":[{"title":"Border Color","originalValue":"var(--graphite04)","value":"#999"},{"title":"Border Color (Hover)","originalValue":"var(--graphite10)","value":"#1a1a1a"},{"title":"Border Color (Focus)","originalValue":"var(--azure06)","value":"#368ac0"},{"title":"Input Text Color","originalValue":"var(--graphite10)","value":"#1a1a1a"},{"title":"Input Placeholder Text Color","originalValue":"var(--graphite04)","value":"#999"},{"title":"Input Label Text Color","originalValue":"var(--text-descriptive)","value":"#5c5c5c"},{"title":"Info Block Text Color","originalValue":"var(--text-muted)","value":"#999"},{"title":"Input Height","originalValue":"3.4rem","value":"3.4rem"},{"title":"Corner Radius","originalValue":"2px","value":"2px"}],"body":"<h2 id=\"basic-example\">Basic Example</h2>\n<p>Individual form controls automatically receive some global styling. All textual <code>&lt;input&gt;</code>, <code>&lt;textarea&gt;</code>, and <code>&lt;select&gt;</code> elements with <code>.form-control</code> are set to <code>width: 100%;</code> by default. Wrap labels and controls in <code>.form-group</code> for optimum spacing.</p>\n<div class=\"example\">\n    <form>\n        <div class=\"form-group\">\n            <label for=\"exampleInputEmail1\">Email address</label>\n            <input type=\"email\" class=\"form-control\" id=\"exampleInputEmail1\" name=\"exampleInputEmail1\" placeholder=\"Email\">\n        </div>\n        <div class=\"form-group\">\n            <label for=\"exampleInputPassword1\">Password</label>\n            <input type=\"password\" class=\"form-control\" id=\"exampleInputPassword1\" name=\"exampleInputPassword1\" placeholder=\"Password\">\n        </div>\n        <div class=\"form-group form-control-file\">\n            <label for=\"exampleInputFile\">File input</label>\n            <input type=\"file\" id=\"exampleInputFile\" name=\"exampleInputFile\">\n            <svg class=\"icon\" focusable=\"false\" aria-hidden=\"true\" role=\"presentation\">\n                <use xlink:href=\"#folder\"></use>\n            </svg>\n            <div class=\"info-block\">Example block-level help text here.</div>\n        </div>\n        <div class=\"form-checkbox\">\n            <input type=\"checkbox\" id=\"exampleCheckMeOut\" name=\"exampleCheckMeOut\" value=\"\"/>\n            <label for=\"exampleCheckMeOut\">\n                Check me out\n            </label>\n        </div>\n        <button type=\"submit\" class=\"btn btn--default\" onclick=\"return false;\">Submit</button>\n    </form>\n</div>\n```html\n<form>\n    <div class=\"form-group\">\n        <label for=\"exampleInputEmail1\">Email address</label>\n        <input type=\"email\" class=\"form-control\" id=\"exampleInputEmail1\" name=\"exampleInputEmail1\" placeholder=\"Email\">\n    </div>\n    <div class=\"form-group\">\n        <label for=\"exampleInputPassword1\">Password</label>\n        <input type=\"password\" class=\"form-control\" id=\"exampleInputPassword1\" name=\"exampleInputPassword1\" placeholder=\"Password\">\n    </div>\n    <div class=\"form-group form-control-file\">\n        <label for=\"exampleInputFile\">File input</label>\n        <input type=\"file\" id=\"exampleInputFile\" name=\"exampleInputFile\" class=\"form-control-file\">\n        <svg class=\"icon\" focusable=\"false\" aria-hidden=\"true\" role=\"presentation\">\n            <use xlink:href=\"#folder\"></use>\n        </svg>\n        <div class=\"info-block\">Example block-level help text here.</div>\n    </div>\n    <div class=\"form-checkbox\">\n        <input type=\"checkbox\" id=\"exampleCheckMeOut\" name=\"exampleCheckMeOut\" value=\"\"/>\n        <label for=\"exampleCheckMeOut\">\n            Check me out\n        </label>\n    </div>\n    <button type=\"submit\" class=\"btn btn--default\">Submit</button>\n</form>\n```\n\n## Forms\n\n### Inputs\n\nBy default, inputs take 100% width of their parent container. This is so they are become the width of the [layout](layout.html) column they are in.\n\n<div class=\"example\">\n    <input type=\"text\" class=\"form-control\" placeholder=\"Text\" aria-label=\"Example input 100% width\">\n</div>\n```html\n<input type=\"text\" class=\"form-control\" placeholder=\"Text\">\n```\n\nThough it's strongly discouraged in favor of dynamic width fields, you can specify a fixed field width using the classes `form-control--xs`, `form-control--sm`, `form-control--md`, and `form-control--lg`.\n\n### Textarea\n\nForm control which supports multiple lines of text. Change `rows` attribute as necessary.\n\n<div class=\"example\">\n    <textarea class=\"form-control\" placeholder=\"Placeholder\" rows=\"3\" aria-label=\"Example multirow text area\"></textarea>\n</div>\n```html\n<textarea class=\"form-control\" placeholder=\"Placeholder\" rows=\"3\" aria-label=\"Example multirow text area\"></textarea>\n```\n\n### Disabled state\n\n<div class=\"example\">\n    <div class=\"form-group\">\n        <label for=\"text-normal-3\">Disabled</label>\n        <input type=\"text\" id=\"text-normal-3\" class=\"form-control\" value=\"Some Text\" disabled>\n    </div>\n</div>\n```html\n<div class=\"form-group\">\n    <label for=\"text-normal-3\">Disabled</label>\n    <input type=\"text\" id=\"text-normal-3\" class=\"form-control\" value=\"Some Text\" disabled>\n</div>\n```\n\n### Read only state\n\n<div class=\"example\">\n    <div class=\"form-group\">\n        <label for=\"text-normal-2\">Read Only</label>\n        <input type=\"text\" id=\"text-normal-2\" class=\"form-control\" value=\"Some Text\" readonly>\n    </div>\n</div>\n```html\n<div class=\"form-group\">\n    <label for=\"text-normal-2\">Read Only</label>\n    <input type=\"text\" id=\"text-normal-2\" class=\"form-control\" value=\"Some Text\" readonly>\n</div>\n```\n\n### Help text\n\nBlock level help text for form controls.\n\n<div class=\"example\">\n    <div class=\"form-group\">\n        <label for=\"exampeInputWithHelp\">Input with help text</label>\n        <input type=\"email\" class=\"form-control\" id=\"exampeInputWithHelp\" aria-describedby=\"helpBlock\">\n        <div class=\"info-block\">A block of help text that breaks onto a new line and may extend beyond one line.</div>\n    </div>\n</div>\n```html\n<div class=\"form-group\">\n    <label for=\"exampeInputWithHelp\">Input with help text</label>\n    <input type=\"email\" class=\"form-control\" id=\"exampeInputWithHelp\" aria-describedby=\"helpBlock\">\n    <p id=\"helpBlock\" class=\"info-block\">A block of help text that breaks onto a new line and may extend beyond one line.</p>\n</div>\n```\n\n### Validation States\n\nInfor UX includes validation styles for errors on form controls. To use, add `.has-error` to the parent element. Any `.form-control` and `.info-block` within that element will receive the validation styles.\n\n<div class=\"example\">\n    <div class=\"form-group has-error\">\n        <label for=\"text-info-2\" class=\"is-required\">Input with Error</label>\n        <input type=\"text\" id=\"text-info-2\" class=\"form-control\" placeholder=\"Placeholder\">\n        <div class=\"info-block\">(!) Required</div>\n    </div>\n\n<pre><code>&lt;div class=&quot;form-group has-error&quot;&gt;\n    &lt;label for=&quot;select-normal-2&quot; class=&quot;is-required&quot;&gt;Error State&lt;/label&gt;\n    &lt;select id=&quot;select-normal-2&quot; class=&quot;form-control&quot;&gt;\n        &lt;option&gt;Option&lt;/option&gt;\n        &lt;option&gt;Option&lt;/option&gt;\n        &lt;option&gt;Option&lt;/option&gt;\n    &lt;/select&gt;\n    &lt;div class=&quot;info-block&quot;&gt;Required&lt;/div&gt;\n&lt;/div&gt;\n\n</code></pre><p></div></p>\n<pre><code class=\"lang-html\">&lt;div class=&quot;form-group has-error&quot;&gt;\n    &lt;label for=&quot;text-info-2&quot; class=&quot;is-required&quot;&gt;Input with Error&lt;/label&gt;\n    &lt;input type=&quot;text&quot; id=&quot;text-info-2&quot; class=&quot;form-control&quot; placeholder=&quot;Placeholder&quot;&gt;\n    &lt;div class=&quot;info-block&quot;&gt;(!) Required&lt;/div&gt;\n&lt;/div&gt;\n&lt;div class=&quot;form-group has-error&quot;&gt;\n    &lt;label for=&quot;select-normal-2&quot; class=&quot;is-required&quot;&gt;Error State&lt;/label&gt;\n    &lt;select id=&quot;select-normal-2&quot; class=&quot;form-control&quot;&gt;\n        &lt;option selected&gt;Option&lt;/option&gt;\n        &lt;option&gt;Option 1&lt;/option&gt;\n        &lt;option&gt;Option 2&lt;/option&gt;\n    &lt;/select&gt;\n    &lt;div class=&quot;info-block&quot;&gt;Required&lt;/div&gt;\n&lt;/div&gt;\n</code></pre>\n<h2 id=\"check-boxes-and-radios\">Check boxes and Radios</h2>\n<p>Checkboxes are for selecting one or several options in a list, while radios are for selecting one option from many.</p>\n<p>Disabled checkboxes and radios are supported, but to provide a “not-allowed” cursor on hover of the parent <label>, you’ll need to add the <code>.is-disabled</code> class to the parent <code>.form-radio</code> or <code>.form-checkbox</code>.</p>\n<h3 id=\"checkboxes\">Checkboxes</h3>\n<div class=\"example\">\n    <fieldset class=\"form-group\">\n        <legend>Group of checkboxes</legend>\n        <div class=\"form-checkbox\">\n            <input type=\"checkbox\" id=\"exampleCheckbox1\" value=\"\"/>\n            <label for=\"exampleCheckbox1\">\n                Empty\n            </label>\n        </div>\n\n<pre><code>    &lt;div class=&quot;form-checkbox form-checkbox--partial&quot;&gt;\n        &lt;input type=&quot;checkbox&quot; value=&quot;&quot; id=&quot;exampleCheckbox2&quot; checked/&gt;\n        &lt;label for=&quot;exampleCheckbox2&quot;&gt;\n            Partially Check\n        &lt;/label&gt;\n    &lt;/div&gt;\n\n    &lt;div class=&quot;form-checkbox&quot;&gt;\n        &lt;input type=&quot;checkbox&quot; id=&quot;exampleCheckbox3&quot; value=&quot;&quot; checked/&gt;\n        &lt;label for=&quot;exampleCheckbox3&quot;&gt;\n            Checked\n        &lt;/label&gt;\n    &lt;/div&gt;\n\n    &lt;div class=&quot;form-checkbox is-disabled&quot;&gt;\n        &lt;input type=&quot;checkbox&quot; value=&quot;&quot; id=&quot;exampleCheckbox4&quot; disabled/&gt;\n        &lt;label for=&quot;exampleCheckbox4&quot;&gt;\n            Empty Disabled\n        &lt;/label&gt;\n    &lt;/div&gt;\n\n    &lt;div class=&quot;form-checkbox form-checkbox--partial is-disabled&quot;&gt;\n        &lt;input type=&quot;checkbox&quot; value=&quot;&quot; id=&quot;exampleCheckbox5&quot; checked disabled/&gt;\n        &lt;label for=&quot;exampleCheckbox5&quot;&gt;\n            Partially Checked &amp;amp; Disabled\n        &lt;/label&gt;\n    &lt;/div&gt;\n\n    &lt;div class=&quot;form-checkbox is-disabled&quot;&gt;\n        &lt;input type=&quot;checkbox&quot; value=&quot;&quot; id=&quot;exampleCheckbox6&quot; checked disabled/&gt;\n        &lt;label for=&quot;exampleCheckbox6&quot;&gt;\n            Checked and Disabled\n        &lt;/label&gt;\n    &lt;/div&gt;\n&lt;/fieldset&gt;\n\n</code></pre><p></div></p>\n<pre><code class=\"lang-html\">&lt;fieldset class=&quot;form-group&quot;&gt;\n    &lt;legend&gt;Group of checkboxes&lt;/legend&gt;\n    &lt;div class=&quot;form-checkbox&quot;&gt;\n        &lt;input type=&quot;checkbox&quot; id=&quot;exampleCheckbox1&quot; value=&quot;&quot;/&gt;\n        &lt;label for=&quot;exampleCheckbox1&quot;&gt;\n            Empty\n        &lt;/label&gt;\n    &lt;/div&gt;\n    &lt;div class=&quot;form-checkbox form-checkbox--partial&quot;&gt;\n        &lt;input type=&quot;checkbox&quot; value=&quot;&quot; id=&quot;exampleCheckbox2&quot; checked/&gt;\n        &lt;label for=&quot;exampleCheckbox2&quot;&gt;\n            Partially Check\n        &lt;/label&gt;\n    &lt;/div&gt;\n    &lt;div class=&quot;form-checkbox&quot;&gt;\n        &lt;input type=&quot;checkbox&quot; id=&quot;exampleCheckbox3&quot; value=&quot;&quot; checked/&gt;\n        &lt;label for=&quot;exampleCheckbox3&quot;&gt;\n            Checked\n        &lt;/label&gt;\n    &lt;/div&gt;\n    &lt;div class=&quot;form-checkbox is-disabled&quot;&gt;\n        &lt;input type=&quot;checkbox&quot; value=&quot;&quot; id=&quot;exampleCheckbox4&quot; disabled/&gt;\n        &lt;label for=&quot;exampleCheckbox4&quot;&gt;\n            Empty Disabled\n        &lt;/label&gt;\n    &lt;/div&gt;\n    &lt;div class=&quot;form-checkbox form-checkbox--partial&quot;&gt;\n        &lt;input type=&quot;checkbox&quot; value=&quot;&quot; id=&quot;exampleCheckbox5&quot; checked disabled/&gt;\n        &lt;label for=&quot;exampleCheckbox5&quot;&gt;\n            Partially Checked &amp;amp; Disabled\n        &lt;/label&gt;\n    &lt;/div&gt;\n    &lt;div class=&quot;form-checkbox is-disabled&quot;&gt;\n        &lt;input type=&quot;checkbox&quot; value=&quot;&quot; id=&quot;exampleCheckbox6&quot; checked disabled/&gt;\n        &lt;label for=&quot;exampleCheckbox6&quot;&gt;\n            Checked and Disabled\n        &lt;/label&gt;\n    &lt;/div&gt;\n&lt;/fieldset&gt;\n</code></pre>\n<h3 id=\"radio-buttons\">Radio Buttons</h3>\n<p><div class=\"example\">\n    <fieldset class=\"form-group\">\n        <legend>A group of radio buttons</legend>\n        <div class=\"form-radio\">\n            <input type=\"radio\" name=\"optionsRadios\" id=\"optionsRadios1\" value=\"option1\" checked>\n            <label for=\"optionsRadios1\">\n                Option one is this and that&mdash;be sure to include why it”s great\n            </label>\n        </div>\n        <div class=\"form-radio\">\n            <input type=\"radio\" name=\"optionsRadios\" id=\"optionsRadios2\" value=\"option2\">\n            <label for=\"optionsRadios2\">\n                Option two can be something else and selecting it will deselect option one\n            </label>\n        </div>\n        <div class=\"form-radio is-disabled\">\n            <input type=\"radio\" name=\"optionsRadios\" id=\"optionsRadios3\" value=\"option3\" disabled>\n            <label for=\"optionsRadios3\">\n                Option three is disabled\n            </label>\n        </div>\n    </fieldset>\n</div></p>\n<pre><code class=\"lang-html\">&lt;fieldset class=&quot;form-group&quot;&gt;\n    &lt;legend&gt;A group of radio buttons&lt;/legend&gt;\n    &lt;div class=&quot;form-radio&quot;&gt;\n        &lt;input type=&quot;radio&quot; name=&quot;optionsRadios&quot; id=&quot;optionsRadios1&quot; value=&quot;option1&quot; checked&gt;\n        &lt;label for=&quot;optionsRadios1&quot;&gt;\n            Option one is this and that&amp;mdash;be sure to include why it&#39;s great\n        &lt;/label&gt;\n    &lt;/div&gt;\n    &lt;div class=&quot;form-radio&quot;&gt;\n        &lt;input type=&quot;radio&quot; name=&quot;optionsRadios&quot; id=&quot;optionsRadios2&quot; value=&quot;option2&quot;&gt;\n        &lt;label for=&quot;optionsRadios2&quot;&gt;\n            Option two can be something else and selecting it will deselect option one\n        &lt;/label&gt;\n    &lt;/div&gt;\n    &lt;div class=&quot;form-radio is-disabled&quot;&gt;\n        &lt;input type=&quot;radio&quot; name=&quot;optionsRadios&quot; id=&quot;optionsRadios3&quot; value=&quot;option3&quot; disabled&gt;\n        &lt;label for=&quot;optionsRadios3&quot;&gt;\n            Option three is disabled\n        &lt;/label&gt;\n    &lt;/div&gt;\n&lt;/fieldset&gt;\n</code></pre>\n<h2 id=\"select\">Select</h2>\n<p><div class=\"example\">\n    <div class=\"form-group\">\n        <label for=\"select-normal-1\">Label</label>\n        <select id=\"select-normal-1\" class=\"form-control\">\n            <option selected>Option</option>\n            <option>Option 1</option>\n            <option>Option 2</option>\n        </select>\n        <div class=\"info-block\">Some info text</div>\n    </div>\n</div></p>\n<pre><code class=\"lang-html\">&lt;div class=&quot;form-group&quot;&gt;\n    &lt;label for=&quot;select-normal-1&quot;&gt;Normal State&lt;/label&gt;\n    &lt;select id=&quot;select-normal-1&quot; class=&quot;form-control&quot;&gt;\n        &lt;option selected&gt;Option&lt;/option&gt;\n        &lt;option&gt;Option 1&lt;/option&gt;\n        &lt;option&gt;Option 2&lt;/option&gt;\n    &lt;/select&gt;\n    &lt;div class=&quot;info-block&quot;&gt;Some passive text&lt;/div&gt;\n&lt;/div&gt;\n</code></pre>\n<p><code>&lt;select multiple&gt;</code> is also supported to select one or more items from a list.</p>\n","updatedAt":"2017-09-19T21:55:32.000Z"}