{"title":"Responsive Grid","description":"A 12-column grid is the base infrastructure of modern, responsive application. On this page, you'll learn how to use the responsive grid to build page layouts and how to adjust your layouts on different browser-width breakpoints.","specs":[{"title":"Extra Small","originalValue":"400px","value":"400px"},{"title":"Small","originalValue":"600px","value":"600px"},{"title":"Medium","originalValue":"840px","value":"840px"},{"title":"Large","originalValue":"1280px","value":"1280px"},{"title":"Extra Large","originalValue":"1440px","value":"1440px"}],"body":"<h2 id=\"basic-grid-fixed-\">Basic Grid (Fixed)</h2>\n<p>By default, the grid is fixed so that each column is 1/<code>N</code>th of the parent container where <code>N</code> is the <code>iux-row--col-N</code> number from 1 to 12. Use <code>.iux-row</code> to create a layout row wrapper and then add your rows.</p>\n<div class=\"example example--grid\">\n    <div class=\"iux-row\">\n        <div class=\"iux-row--col-1\">col-1</div>\n        <div class=\"iux-row--col-1\">col-1</div>\n        <div class=\"iux-row--col-1\">col-1</div>\n        <div class=\"iux-row--col-1\">col-1</div>\n        <div class=\"iux-row--col-1\">col-1</div>\n        <div class=\"iux-row--col-1\">col-1</div>\n        <div class=\"iux-row--col-1\">col-1</div>\n        <div class=\"iux-row--col-1\">col-1</div>\n        <div class=\"iux-row--col-1\">col-1</div>\n        <div class=\"iux-row--col-1\">col-1</div>\n        <div class=\"iux-row--col-1\">col-1</div>\n        <div class=\"iux-row--col-1\">col-1</div>\n    </div>\n</div>\n```html\n<div class=\"iux-row\">\n    <div class=\"iux-row--col-1\">col-1</div>\n    <div class=\"iux-row--col-1\">col-1</div>\n    <div class=\"iux-row--col-1\">col-1</div>\n    <div class=\"iux-row--col-1\">col-1</div>\n    <div class=\"iux-row--col-1\">col-1</div>\n    <div class=\"iux-row--col-1\">col-1</div>\n    <div class=\"iux-row--col-1\">col-1</div>\n    <div class=\"iux-row--col-1\">col-1</div>\n    <div class=\"iux-row--col-1\">col-1</div>\n    <div class=\"iux-row--col-1\">col-1</div>\n    <div class=\"iux-row--col-1\">col-1</div>\n    <div class=\"iux-row--col-1\">col-1</div>\n</div>\n```\n\n## Responsive Grid\n\nThe grid is responsive based on the breakpoints applied. When you apply a breakpoint `col` class, such as `.iux-row--col-md-1`, that column will change from the fixed default to become 100% full width of the parent container from the smallest breakpoint, until the browser gets wider and hits the `medium` breakpoint. At that point, it will then become its respective percentage of the width.\n\nBelow, if you change your browser width you should see the columns stack when the browser width is smaller than 600px and then become 1/6th width when the browser is 600px wide or wider.\n\n<div class=\"example example--grid\">\n    <div class=\"iux-row\">\n        <div class=\"iux-row--col-sm-2\">col-2</div>\n        <div class=\"iux-row--col-sm-2\">col-2</div>\n        <div class=\"iux-row--col-sm-2\">col-2</div>\n        <div class=\"iux-row--col-sm-2\">col-2</div>\n        <div class=\"iux-row--col-sm-2\">col-2</div>\n        <div class=\"iux-row--col-sm-2\">col-2</div>\n    </div>\n    <small class=\"example--info\">Note: Resize your browser width to see the layout change at the SM breakpoint.</small>\n</div>\n```html\n<div class=\"iux-row\">\n    <div class=\"iux-row--col-sm-2\">col-2</div>\n    <div class=\"iux-row--col-sm-2\">col-2</div>\n    <div class=\"iux-row--col-sm-2\">col-2</div>\n    <div class=\"iux-row--col-sm-2\">col-2</div>\n    <div class=\"iux-row--col-sm-2\">col-2</div>\n    <div class=\"iux-row--col-sm-2\">col-2</div>\n</div>\n```\n\n## Changing Layout at Breakpoints\n\nYou can also use the breakpoint `col` classes `.iux-row--col-[xs|sm|md|lg|xl]-*` to define different layouts between different breakpoints. For example, below, stacked columns on XS, at SM breakpoint it changes to a two column \"4|8\" layout and on LG and XL it's a \"3|9\" layout.\n\n\n<div class=\"example example--grid\">\n    <div class=\"iux-row\">\n        <div class=\"iux-row--col-sm-4 iux-row--col-lg-3\">Column 1</div>\n        <div class=\"iux-row--col-sm-8 iux-row--col-lg-9\">Column 2</div>\n    </div>\n    <small class=\"example--info\">Note: Resize your browser to different widths to see the columns flow based on different breakpoints.</small>\n</div>\n```html\n<div class=\"iux-row\">\n    <div class=\"iux-row--col-sm-4 iux-row--col-lg-3\">Column 1</div>\n    <div class=\"iux-row--col-sm-8 iux-row--col-lg-9\">Column 2</div>\n</div>\n```\n\n## Grid with Gutters\n\nA grid with gutters helps you layout content and maintain consistent spacing between elements. Use grid class `.iux-row iux-row--gutter` to create a layout row with a gutter. There are two different sizes of gutters (Small and Large) which are automatic based on the breakpoint size classes you're using. Below are standard, recommended SoHo layouts which will provide the best flexibility and content structure for most applications.\n\n<div class=\"example example--grid\">\n    <div class=\"iux-row iux-row--gutter\">\n        <div class=\"iux-row--col-sm-3 iux-row--col-md-3\">col-3</div>\n        <div class=\"iux-row--col-sm-9 iux-row--col-md-9\">col-9</div>\n    </div>\n</div>\n```html\n<div class=\"iux-row iux-row--gutter\">\n    <div class=\"iux-row--col-sm-3 iux-row--col-md-3\">col-3</div>\n    <div class=\"iux-row--col-sm-9 iux-row--col-md-9\">col-9</div>\n</div>\n```\n\n<div class=\"example example--grid\">\n    <div class=\"iux-row iux-row--gutter\">\n        <div class=\"iux-row--col-sm-3 iux-row--col-md-3\">col-3</div>\n        <div class=\"iux-row--col-sm-9 iux-row--col-md-9\">col-9</div>\n    </div>\n\n<pre><code>&lt;div class=&quot;iux-row iux-row--gutter&quot;&gt;\n    &lt;div class=&quot;iux-row--col-sm-6 iux-row--col-md-6&quot;&gt;col-6&lt;/div&gt;\n    &lt;div class=&quot;iux-row--col-sm-6 iux-row--col-md-6&quot;&gt;col-6&lt;/div&gt;\n&lt;/div&gt;\n\n&lt;div class=&quot;iux-row iux-row--gutter&quot;&gt;\n    &lt;div class=&quot;iux-row--col-sm-12 iux-row--col-md-12&quot;&gt;col-12&lt;/div&gt;\n&lt;/div&gt;\n\n</code></pre><p></div></p>\n<h2 id=\"basic-page-layout\">Basic Page Layout</h2>\n<h3 id=\"full-width-page\">Full Width Page</h3>\n<pre><code class=\"lang-html\">&lt;body&gt;\n    &lt;div class=&quot;iux-container&quot;&gt;\n        &lt;!--- main body contents here will be inside a page margin --&gt;\n    &lt;/div&gt;\n&lt;/body\n</code></pre>\n<h3 id=\"responsive-list-detail\">Responsive List/Detail</h3>\n<pre><code class=\"lang-html\">&lt;body&gt;\n    &lt;div&gt;&lt;!--- your header here --&gt;&lt;/div&gt;\n    &lt;div class=&quot;iux-row&quot;&gt;\n        &lt;div class=&quot;iux-row--col-sm-4 iux-row--col-lg-3&quot;&gt;\n            &lt;!--- left column contents here --&gt;\n        &lt;/div&gt;\n        &lt;div class=&quot;iux-row--col-sm-8 iux-row--col-lg-9&quot;&gt;\n            &lt;div class=&quot;iux-container&quot;&gt;\n                &lt;!--- main body contents here will be inside a page margin --&gt;\n            &lt;/div&gt;\n        &lt;/div&gt;\n    &lt;/div&gt;\n&lt;/body&gt;\n</code></pre>\n","updatedAt":"2017-09-19T21:48:15.000Z"}