{"title":"Buttons","description":"This page describes how the buttons and button styles are used.","specs":[{"title":"Default Button Color","originalValue":"var(--graphite03)","value":"#bdbdbd"},{"title":"Default Button Label Color","originalValue":"var(--graphite08)","value":"#383838"},{"title":"Default Button Hover Color","originalValue":"var(--graphite04)","value":"#999"},{"title":"Default Disabled State Opacity","originalValue":"0.5","value":"0.5"},{"title":"Primary Background Color","originalValue":"var(--azure06)","value":"#368ac0"},{"title":"Primary Label Color","originalValue":"var(--white)","value":"#fff"},{"title":"Primary Hover Color","originalValue":"var(--azure07)","value":"#2578a9"},{"title":"Primary Disabled State Opacity","originalValue":"0.5","value":"0.5"}],"body":"<h2 id=\"button-tags\">Button Tags</h2>\n<p>Use the button classes on and <code>&lt;a&gt;</code>, <code>&lt;button&gt;</code>, <code>&lt;input&gt;</code> elements. As a best practice, we highly recommend using the <code>&lt;button&gt;</code> element whenever possible to ensure matching cross-browser rendering. If the <code>&lt;a&gt;</code> elements are used to act as buttons – triggering in-page functionality, rather than navigating to another document or section within the current page – they should also be given an appropriate <code>role=&quot;button&quot;</code>.</p>\n<p><div class=\"example\">\n    <a class=\"btn btn--default\" href=\"#\" role=\"button\">Link</a>\n    <button class=\"btn btn--default\" type=\"submit\">Button</button>\n    <input class=\"btn btn--default\" type=\"button\" value=\"Input\">\n    <input class=\"btn btn--default\" type=\"submit\" value=\"Submit\">\n</div></p>\n<pre><code class=\"lang-html\">&lt;a class=&quot;btn btn--default&quot; href=&quot;#&quot; role=&quot;button&quot;&gt;Link&lt;/a&gt;\n&lt;button class=&quot;btn btn--default&quot; type=&quot;submit&quot;&gt;Button&lt;/button&gt;\n&lt;input class=&quot;btn btn--default&quot; type=&quot;button&quot; value=&quot;Input&quot;&gt;\n&lt;input class=&quot;btn btn--default&quot; type=&quot;submit&quot; value=&quot;Submit&quot;&gt;\n</code></pre>\n<h2 id=\"options\">Options</h2>\n<p>Use any of the available button classes to quickly create a styled button.</p>\n<p><div class=\"example\">\n    <button type=\"button\" class=\"btn btn--default\">Default</button>&nbsp;\n    <button type=\"button\" class=\"btn btn--primary\">Primary</button>&nbsp;\n</div></p>\n<pre><code class=\"lang-html\">&lt;button type=&quot;button&quot; class=&quot;btn btn--default&quot;&gt;Default&lt;/button&gt;\n&lt;button type=&quot;button&quot; class=&quot;btn btn--primary&quot;&gt;Primary&lt;/button&gt;\n</code></pre>\n<p>By default, buttons are a dynamic width and the size will be as wide as the button text, with some additional padding. Buttons can be made to extend 100% of the width of their container by using the <code>btn–block</code> class.</p>\n<h2 id=\"disabled-state\">Disabled State</h2>\n<p><div class=\"example\">\n    <button type=\"button\" class=\"btn btn--default\" disabled>Button</button>&nbsp;\n    <button type=\"button\" class=\"btn btn--primary\" disabled>Primary Button</button>&nbsp;\n</div></p>\n<pre><code class=\"lang-html\">&lt;button type=&quot;button&quot; class=&quot;btn btn--default&quot; disabled&gt;Button&lt;/button&gt;\n</code></pre>\n<h2 id=\"focused-state\">Focused State</h2>\n<p>To mimic the “focus” state, you can use the class <code>has-focus</code> on a button or link.</p>\n<p><div class=\"example\">\n    <button type=\"button\" class=\"btn btn--default has-focus\">Button</button>&nbsp;\n</div></p>\n<pre><code class=\"lang-html\">&lt;button type=&quot;button&quot; class=&quot;btn btn--default&quot;&gt;Button&lt;/button&gt;\n</code></pre>\n<h2 id=\"button-hyperlinks\">Button Hyperlinks</h2>\n<p>Can be used with <code>&lt;a&gt;</code> or <code>&lt;button&gt;</code> tags.</p>\n<p><div class=\"example\">\n    <a href=\"#\" class=\"btn btn--link\">Button</a>\n    <a href=\"#\" class=\"btn btn--link\" disabled>Button</a>\n    <a href=\"#\" class=\"btn btn--link has-focus\">Button (focused)</a>\n    <button type=\"button\" class=\"btn btn--link\" title=\"link icon\">\n        <svg class=\"icon\" focusable=\"false\" aria-hidden=\"true\" role=\"presentation\">\n            <use xlink:href=\"#link\"></use>\n        </svg>\n        <span>Button</span>\n    </button>\n    <button type=\"button\" class=\"btn btn--link\" title=\"save icon\">\n        <svg class=\"icon\" focusable=\"false\" aria-hidden=\"true\" role=\"presentation\">\n            <use xlink:href=\"#save\"></use>\n        </svg>\n    </button>\n</div></p>\n<pre><code class=\"lang-html\">&lt;a href=&quot;#&quot; class=&quot;btn btn--link&quot;&gt;Button&lt;/a&gt;\n&lt;a href=&quot;#&quot; class=&quot;btn btn--link&quot; disabled&gt;Button&lt;/a&gt;\n&lt;button type=&quot;button&quot; class=&quot;btn btn--link&quot; title=&quot;link icon&quot;&gt;\n    &lt;svg class=&quot;icon&quot; focusable=&quot;false&quot; aria-hidden=&quot;true&quot; role=&quot;presentation&quot;&gt;\n        &lt;use xlink:href=&quot;#link&quot;&gt;&lt;/use&gt;\n    &lt;/svg&gt;\n    &lt;span&gt;Button&lt;/span&gt;\n&lt;/button&gt;\n&lt;button type=&quot;button&quot; class=&quot;btn btn--link&quot; title=&quot;save icon&quot;&gt;\n    &lt;svg class=&quot;icon&quot; focusable=&quot;false&quot; aria-hidden=&quot;true&quot; role=&quot;presentation&quot;&gt;\n        &lt;use xlink:href=&quot;#save&quot;&gt;&lt;/use&gt;\n    &lt;/svg&gt;\n&lt;/button&gt;\n</code></pre>\n<h2 id=\"hyperlinks\">Hyperlinks</h2>\n<p><div class=\"example\">\n    <a href=\"#\">Hyperlink</a><br>\n    <a href=\"#\" disabled>Hyperlink</a><br>\n    <a href=\"#\">\n        Hyperlink\n        <svg class=\"icon\" focusable=\"false\" aria-hidden=\"true\" role=\"presentation\">\n            <use xlink:href=\"#link\"></use>\n        </svg>\n    </a>\n</div></p>\n<pre><code class=\"lang-html\">&lt;a href=&quot;#&quot;&gt;Hyperlink&lt;/a&gt;\n&lt;a href=&quot;#&quot; disabled&gt;Disabled Hyperlink&lt;/a&gt;\n</code></pre>\n","updatedAt":"2017-09-29T19:49:31.000Z"}