{"title":"Tabs","description":"Description here","specs":[],"body":"<h2 id=\"basic-tabs\">Basic Tabs</h2>\n<p><div class=\"example\">\n    <div class=\"example--inner-frame\">\n        <ul class=\"iux-tabs--list-horizontal\">\n            <li class=\"iux-tabs--list-item\">\n                <a href=\"#horiz-tab1\" class=\"iux-tabs--list-link\">Tab 1</a>\n            </li>\n            <li class=\"iux-tabs--list-item\">\n                <a href=\"#horiz-tab2\" class=\"iux-tabs--list-link\">Tab 2</a>\n            </li>\n            <li class=\"iux-tabs--list-item is-active\">\n                <a href=\"#horiz-tab3\" class=\"iux-tabs--list-link\">Tab 3</a>\n            </li>\n            <li class=\"iux-tabs--list-item is-disabled\">\n                <a href=\"#horiz-tab4\" class=\"iux-tabs--list-link\">Tab 4</a>\n            </li>\n        </ul>\n        <div class=\"iux-container\">“Tab 3” example body text to show how the content of a tab could line up below the tabs.</div>\n    </div>\n</div></p>\n<pre><code class=\"lang-html\">&lt;ul class=&quot;iux-tabs--list-horizontal&quot;&gt;\n    &lt;li class=&quot;iux-tabs--list-item&quot;&gt;\n        &lt;a href=&quot;#horiz-tab1&quot; class=&quot;iux-tabs--list-link&quot;&gt;Tab 1&lt;/a&gt;\n    &lt;/li&gt;\n    &lt;li class=&quot;iux-tabs--list-item&quot;&gt;\n        &lt;a href=&quot;#horiz-tab2&quot; class=&quot;iux-tabs--list-link&quot;&gt;Tab 2&lt;/a&gt;\n    &lt;/li&gt;\n    &lt;li class=&quot;iux-tabs--list-item is-active&quot;&gt;\n        &lt;a href=&quot;#horiz-tab3&quot; class=&quot;iux-tabs--list-link&quot;&gt;Tab 3&lt;/a&gt;\n    &lt;/li&gt;\n    &lt;li class=&quot;iux-tabs--list-item is-disabled&quot;&gt;\n        &lt;a href=&quot;#horiz-tab4&quot; class=&quot;iux-tabs--list-link&quot;&gt;Tab 4&lt;/a&gt;\n    &lt;/li&gt;\n&lt;/ul&gt;\n</code></pre>\n<h2 id=\"vertical-tabs\">Vertical Tabs</h2>\n<p><div class=\"example\">\n    <div class=\"example--inner-frame\">\n        <div class=\"iux-row\">\n            <div class=\"iux-row--col-md-3\">\n                <ul class=\"iux-tabs--list-vertical\">\n                    <li class=\"iux-tabs--list-item\">\n                        <a href=\"#vertical-tab1\" class=\"iux-tabs--list-link\">Tab 1</a>\n                    </li>\n                    <li class=\"iux-tabs--list-item\">\n                        <a href=\"#vertical-tab2\" class=\"iux-tabs--list-link\">Tab 2</a>\n                    </li>\n                    <li class=\"iux-tabs--list-item is-active\">\n                        <a href=\"#vertical-tab3\" class=\"iux-tabs--list-link\">Tab 3</a>\n                    </li>\n                    <li class=\"iux-tabs--list-item is-disabled\">\n                        <a href=\"#vertical-tab4\" class=\"iux-tabs--list-link\">Tab 4</a>\n                    </li>\n                </ul>\n            </div>\n            <div class=\"iux-row--col-md-9 iux-container\">\n                <p>“Tab 3” example body text to show how the content of a tab could line up beside the tabs.</p>\n            </div>\n        </div>\n    </div>\n</div></p>\n<pre><code class=\"lang-html\">&lt;div class=&quot;iux-row&quot;&gt;\n    &lt;div class=&quot;iux-row--col-md-3&quot;&gt;\n        &lt;ul class=&quot;iux-tabs--list-vertical&quot;&gt;\n            &lt;li class=&quot;iux-tabs--list-item&quot;&gt;\n                &lt;a href=&quot;#vertical-tab1&quot; class=&quot;iux-tabs--list-link&quot;&gt;Tab 1&lt;/a&gt;\n            &lt;/li&gt;\n            &lt;li class=&quot;iux-tabs--list-item&quot;&gt;\n                &lt;a href=&quot;#vertical-tab2&quot; class=&quot;iux-tabs--list-link&quot;&gt;Tab 2&lt;/a&gt;\n            &lt;/li&gt;\n            &lt;li class=&quot;iux-tabs--list-item is-active&quot;&gt;\n                &lt;a href=&quot;#vertical-tab3&quot; class=&quot;iux-tabs--list-link&quot;&gt;Tab 3&lt;/a&gt;\n            &lt;/li&gt;\n            &lt;li class=&quot;iux-tabs--list-item is-disabled&quot;&gt;\n                &lt;a href=&quot;#vertical-tab4&quot; class=&quot;iux-tabs--list-link&quot;&gt;Tab 4&lt;/a&gt;\n            &lt;/li&gt;\n        &lt;/ul&gt;\n    &lt;/div&gt;\n    &lt;div class=&quot;iux-row--col-md-9 iux-container&quot;&gt;\n        &lt;p&gt;&quot;Tab 3&quot; example body text to show how the content of a tab could line up beside the tabs.&lt;/p&gt;\n    &lt;/div&gt;\n&lt;/div&gt;\n</code></pre>\n","updatedAt":"2017-09-19T21:48:15.000Z"}