{"title":"Typography","description":"These are typical type classes you'll have available.","specs":[{"title":"Secondary Header Font Size","originalValue":"1.6rem","value":"1.6rem"},{"title":"Base Font Size","originalValue":"1.4rem","value":"1.4rem"},{"title":"Small Font Size","originalValue":"1.2rem","value":"1.2rem"},{"title":"Default Text Color","originalValue":"var(--graphite10)","value":"#1a1a1a"},{"title":"Descriptive Text Color","originalValue":"var(--graphite06)","value":"#5c5c5c"},{"title":"Muted Text Color","originalValue":"var(--graphite04)","value":"#999"},{"title":"Link Text Color","originalValue":"var(--azure06)","value":"#368ac0"},{"title":"Alert Text Color","originalValue":"var(--status-red)","value":"#e84f4f"}],"body":"<h2 id=\"standard-type-settings\">Standard Type Settings</h2>\n<pre><code class=\"lang-html\">&lt;h1&gt;Primary Header&lt;/h1&gt;\n&lt;h2&gt;Secondary Header&lt;/h2&gt;\n&lt;div&gt;Base Text&lt;/div&gt;\n&lt;small&gt;Small Text&lt;/small&gt;\n</code></pre>\n<p>You can also use the classes <code>header--primary</code> and <code>header--secondary</code> to emulate <code>&lt;h1&gt;</code> and <code>&lt;h2&gt;</code> styles without using those specific tags. <code>&lt;strong&gt;</code>, <code>&lt;em</code>, and <code>&lt;small&gt;</code> all behave as you would expect.</p>\n<h2 id=\"type-utility-clases\">Type Utility Clases</h2>\n<p>Text utility classes are provided to emulate certain type styles by applying classes. <code>.text-descriptive</code> changes the <span class=\"text-descriptive\">color of descriptive text to a shade lighter</span>, <code>.text-muted</code> makes the <span class=\"text-muted\">color of text muted</span>, and <code>.text-alert</code> makes text <span class=\"text-alert\">Alert Red</span>. <code>.text-link</code> allows you to <span class=\"text-link\">make text a link style</span> even when it’s not in an <code>&lt;a&gt;</code> tag. Use <code>.text-strong</code> to make text <span class=\"text-strong\">strong</span>, <code>.text-emphasis</code> to makes it <span class=\"text-emphasis\">emphasized</span> and <code>.text-small</code> makes it <span class=\"text-small\">smaller</small>.</p>\n","updatedAt":"2017-09-19T22:09:02.000Z"}